{"luminance_list":[0.1,0.10798010298258112,0.11659702640128823,0.1259015891827383,0.135948665656227,0.14679750917903883,0.1585121015873901,0.17116153053391736,0.18482039693708602,0.19956925494548067,0.21549508701169987,0.23269181687763629,0.25126086349651078,0.27131173915845486,0.29296269534713137,0.31634142013637784,0.34158579123982036,0.3688446891546226,0.39827887519494254,0.43006193959336469,0.464381325261801,0.50143943324956775,0.54145481641815429,0.58466346837246841,0.63132021525012194,0.68170021857693441,0.73610059805185435,0.79484218383178784,0.858271408650561,0.9267623509309254,1.0007189409390032,1.0805773429921306,1.1668085277693414,1.2599210498948734,1.3604640471757015,1.4690304791813127,1.5862606242654864,1.7128458556540063,1.8495327188680686,1.9971273345302731,2.1565001525190661,2.3285910855096064,2.5144150521764765,2.7150679627496803,2.9317331822241717,3.1656885093401614,3.4183137124932435,3.6910986670178962,3.9856521418346031,4.3037112872804544,4.6471518800784022,5.0179993858656129,5.4184409045229769,5.8508380687542108,6.3177409719848558,6.8219032077219657,7.3662981090701827,7.9541362841779089,8.5888845510301568,9.2742863832573637,10.0143839875408,10.813542142817667,11.676473941879326,12.608268587175546,13.61442140475258,14.700866253334402,15.874010519682,17.140772906618384,18.508624236576896,19.9856315113147,21.580505487636774,23.302652049711757,25.162227680951304,27.170199362602752,29.338409252311049,31.679644524096577,34.2077127816351,36.937523489595151,39.885175903279929,43.068054015145343,46.504929078147555,50.216070310559985,54.223364435148071,58.55044475769315,63.222830546116334,68.2680775321991,73.715940423496988,79.598548383870181,85.950594517542683,92.809540474183208,100.21583738168334,108.21316440959779,116.84868637019341,126.17333187632806,136.2420936966129,147.11435307922741,158.85422995710758,171.53096109987081,185.21930844265185,200.00000000000003],"sensitivity_list":[21.7279219528034,22.675546436370944,23.656190400754483,24.670552369732807,25.719319397493152,26.803164897511039,27.922746332251258,29.078702757088955,30.271652211780861,31.502188952808762,32.770880519987486,34.078264630901408,35.424845897031204,36.811092355885144,38.2374318140865,39.704247997227483,41.211876503420022,42.760600558895156,44.350646575773666,45.982179514299496,47.655298054444295,49.370029584907577,51.126325021203989,52.924053468789495,54.762996752078891,56.642843835769284,58.563185171132766,60.523507006865678,62.523185711658726,64.561482163818027,66.637536271927843,68.75036169956104,70.898840876216354,73.081720385755915,75.297606832317527,77.54496329163095,79.822106462446,82.127204637925061,84.458276619851375,86.813191698836022,89.189670820859547,91.585289053971479,93.997479458397365,96.423538448366955,98.860632714552935,101.30580775214567,103.75599801158016,106.20803865731045,108.6586788856001,111.10459671610967,113.54241513539178,115.96871943469336,118.38007555123981,120.7730491929825,123.14422550305538,125.49022900313918,127.80774354548852,130.09353200206868,132.34445542615589,134.55749143649851,136.7297515958804,138.85849758344142,140.94115599185588,142.97533161471543,144.95881912441121,146.88961307472829,148.7659161937309,150.58614596007826,152.34893947882389,154.05315669056412,155.69788196050311,157.28242410197697,158.8063148929557,160.26930614500833,161.67136538332952,163.012670194911,164.29360130095995,165.51473441027159,166.67683091324673,167.78082748214428,168.82782465214569,169.81907446974014,170.75596730930747,171.64001797479662,172.47285122003444,173.25618683727478,173.99182447786907,174.68162838020393,175.3275121872671,175.93142403853403,176.49533211780113,177.02121082994884,177.51102776557053,177.96673159347444,178.3902409980715,178.78343475263651,179.14814299156461,179.48613971627839,179.79913654155993,180.08877766280511]}