{"area_list":[0.0003141592653589792,0.00034478940589968492,0.00037840594732998871,0.00041530006004989286,0.0004557913032139497,0.00050023039259978086,0.00054900223834036658,0.00060252927883147666,0.00066127513969096671,0.00072574864946208461,0.00079650824684289023,0.00087416681761511006,0.00095939700316757749,0.0010529370265941545,0.0011555970868290133,0.0012682663762022136,0.0013919207821982821,0.001527631340126743,0.0016765735099176025,0.00184003735739293,0.0020194387281998452,0.0022163315111881987,0.0024324210974524065,0.0026695791516132823,0.0029298598232815761,0.0032155175391192321,0.003529026529604629,0.0038731022596333229,0.0042507249485759357,0.0046651653835126268,0.0051200132492260509,0.0056192082203336789,0.0061670740848646429,0.0067683561948431691,0.0074282625682576533,0.00815250899842105,0.00894736856143814,0.0098197259505897437,0.010777137108252361,0.011827894671856371,0.012981099800744265,0.01424674100605899,0.015635780666449044,0.017160249978948019,0.018833353167447685,0.020669581851368576,0.02268484056513469,0.024896584515642126,0.027323970770910772,0.029988024189442925,0.032911819527489519,0.036120681301549988,0.03964240313721925,0.043507488504276159,0.0477494149231464,0.052404923931168912,0.057514339320215373,0.063121916402085143,0.069276225326844312,0.076030571774230379,0.083443458661949091,0.091579092869959938,0.10050794136975504,0.11030734157555458,0.12106217120399208,0.13286558344429025,0.14581981380662312,0.16003706563719627,0.17564048196995402,0.19276521213263004,0.21155958234556846,0.23218638045248785,0.25482426591090662,0.27966931725489413,0.30693673043353237,0.33686268273527659,0.36970637844264492,0.40575229393571166,0.44531264169041895,0.48873007451368677,0.53638065343810026,0.58867710498267423,0.64607239599251087,0.70906365702092122,0.77819648823645327,0.85406968515053872,0.93734042509775994,1.0287299593915276,1.1290298604579228,1.2391088780573682,1.3599204639794469,1.4925110303861879,1.6380290133336097,1.7977348199754466,1.9730117456069332,2.1653779551069081,2.3764996325557113,2.6082054129245931,2.8625022208370496,3.1415926535897927],"sensitivity_list":[2.3701828309692385,2.4830092320117703,2.6012032104156395,2.7250196384514953,2.8547254182523023,2.9906000387652991,3.1329361568554912,3.2820402033578047,3.4382330148606255,3.6018504919805876,3.773244284855751,3.9527825065398408,4.1408504749220327,4.3378514837225772,4.5442076030216612,4.7603605096641566,4.9867723477429244,5.2239266191941383,5.4723291043348308,5.7325088119306544,6.0050189580944782,6.2904379729773456,6.5893705338145,6.9024486224225061,7.2303326046983205,7.5737123290373907,7.93330823985199,8.3098725015199282,8.7041901271115378,9.11708010511164,9.5493965160548235,10.002029629504445,10.47590697010568,10.971994339505123,11.491296778726586,12.034859453095102,12.60376843897841,13.199151388434213,13.822178044279996,14.474060574106671,15.156053687306246,15.869454494248748,16.615602061299843,17.395876609402524,18.211698297447619,19.064525524638746,19.955852678547071,20.887207247607723,21.860146208522181,22.876251590537219,23.937125110057622,25.044381760774847,26.199642236793132,27.404524059538591,28.660631274091305,29.9695425776495,31.332797742933035,32.751882203417729,34.228209676482187,35.763102716117828,37.357771110210656,39.013288070070629,40.730564203429132,42.510319318088236,44.353052173178064,46.259008379646836,48.228146751761557,50.260104526878976,52.354162000395249,54.509207264122786,56.723701885302965,58.995648514118443,61.322561551955857,63.701442140777147,66.128758833864481,68.600435366544957,71.111846948203549,73.657826430270134,76.2326815570633,78.83022426900601,81.443812697687065,84.0664060733501,86.69063226969547,89.308867159269155,91.91332437460369,94.496153502157853,97.049544218927338,99.565833457154639,102.03761238917033,104.45782989247965,106.8198892033663,109.11773469950997,111.34592615660267,113.49969837388547,115.57500471965511,117.56854386257234,119.47776967725535,121.30088499435352,123.03682046394891,124.6852002847944]}