{"rho_list":[0.5,0.52145189072319775,0.54382414867759554,0.56715626109773132,0.59148940936982319,0.61686654171728372,0.64333244900471587,0.67093384379418863,0.69971944279332465,0.72974005284072307,0.76104866058048259,0.79370052598409968,0.82775327988481084,0.8632670256965258,0.90030444549688948,0.93893091066170631,0.97921459724600135,1.0212266063153641,1.0650410894399627,1.1107353795727257,1.1583901275426933,1.2080894444044474,1.2599210498948732,1.313976427259276,1.3703509847201238,1.4291442238734087,1.4904599153098523,1.5544062817709194,1.6210961891629234,1.690647345766354,1.7631825099920424,1.8388297070508484,1.9177224549192975,2,2.0858075628927915,2.1752965947103826,2.2686250443909253,2.3659576374792928,2.4674661668691344,2.5733297960188635,2.6837353751767545,2.7988777711732982,2.9189602113628927,3.0441946423219308,3.1748021039363992,3.3110131195392438,3.4530681027861028,3.6012177819875579,3.7557236426468266,3.916858388984005,4.0849064252614564,4.2601643577598516,4.4429415182909029,4.6335605101707742,4.8323577776177906,5.0396841995794928,5.2559057090371049,5.4814039388804936,5.7165768954936347,5.9618396612394093,6.2176251270836769,6.4843847566516928,6.7625893830654178,7.0527300399681687,7.3553188282033926,7.6708898196771909,7.9999999999999991,8.3432302515711658,8.7011863788415322,9.0745001775637,9.4638305499171729,9.8698646674765378,10.293319184075454,10.734941500707015,11.195511084693191,11.675840845451569,12.176778569287718,12.699208415745593,13.244052478156972,13.812272411144408,14.40487112795023,15.022894570587301,15.667433555936016,16.339625701045822,17.040657431039403,17.771766073163608,18.53424204068309,19.329431110471159,20.158736798317964,21.023622836148416,21.925615755521981,22.866307581974535,23.847358644957634,24.870500508334711,25.937539026606764,27.050357532261664,28.210920159872682,29.421275312813563,30.683559278708756,32.000000000000007],"sensitivity_list":[324.05958213752405,329.57345495141885,335.02212516640981,340.39437001669376,345.67833612697916,350.86152975950614,355.93081206867549,360.87240044016727,365.67187709115058,370.3142061961745,374.78376087271135,379.06436140298308,383.13932607547,386.99153599028188,390.60351507673766,393.95752640848718,397.03568566145577,399.82009223467372,402.29297813832375,404.436874245812,406.23479291136891,407.67042528219793,408.72835090261236,409.39425644308761,409.65515962394733,409.49963368292265,408.91802710495676,407.90267284106818,406.44808093967652,404.55110844231132,402.21110059019333,399.4299978688129,396.21240418659931,392.56561252314305,388.49958565338812,384.0268909986118,379.16259019869028,373.92408555857452,368.33092700679526,362.40458453053128,356.16819214660728,349.64627027391293,342.86443385459916,335.84909371686808,328.62715849215158,321.22574392565122,313.6718956996848,305.99233098343393,298.213202895311,290.35989098000056,282.45681972123913,274.52730608506761,266.593436157347,258.6759701326514,250.79427424645144,242.96627772522376,235.20845245716706,227.53581284989636,219.96193322604742,212.49898009539567,205.15775671369394,197.94775747489169,190.87722986670227,183.95324193354367,177.18175342171449,170.56768901789005,164.11501232452795,157.8267994377525,151.70531119996164,145.75206338768336,139.96789426344498,134.35302906808317,128.90714115735719,123.62940959486133,118.5185731034499,113.572980351315,108.79063660822145,104.1692468540019,99.706255456968478,95.3988825660175,91.244157378434636,87.23894845707197,83.379991276889,79.663913182889615,76.087255940146662,72.646496052662371,69.338063021934758,66.158355708816174,63.103756954005313,60.170646603692568,57.355413077741993,54.654463608583512,52.064233269885563,49.581192905202712,47.201856058245568,44.922784998273791,42.740595926406037,40.651963441396767,38.653624336668386,36.742380794100477]}