{"rho_list":[0.5,0.52145189072319775,0.54382414867759554,0.56715626109773132,0.59148940936982319,0.61686654171728372,0.64333244900471587,0.67093384379418863,0.69971944279332465,0.72974005284072307,0.76104866058048259,0.79370052598409968,0.82775327988481084,0.8632670256965258,0.90030444549688948,0.93893091066170631,0.97921459724600135,1.0212266063153641,1.0650410894399627,1.1107353795727257,1.1583901275426933,1.2080894444044474,1.2599210498948732,1.313976427259276,1.3703509847201238,1.4291442238734087,1.4904599153098523,1.5544062817709194,1.6210961891629234,1.690647345766354,1.7631825099920424,1.8388297070508484,1.9177224549192975,2,2.0858075628927915,2.1752965947103826,2.2686250443909253,2.3659576374792928,2.4674661668691344,2.5733297960188635,2.6837353751767545,2.7988777711732982,2.9189602113628927,3.0441946423219308,3.1748021039363992,3.3110131195392438,3.4530681027861028,3.6012177819875579,3.7557236426468266,3.916858388984005,4.0849064252614564,4.2601643577598516,4.4429415182909029,4.6335605101707742,4.8323577776177906,5.0396841995794928,5.2559057090371049,5.4814039388804936,5.7165768954936347,5.9618396612394093,6.2176251270836769,6.4843847566516928,6.7625893830654178,7.0527300399681687,7.3553188282033926,7.6708898196771909,7.9999999999999991,8.3432302515711658,8.7011863788415322,9.0745001775637,9.4638305499171729,9.8698646674765378,10.293319184075454,10.734941500707015,11.195511084693191,11.675840845451569,12.176778569287718,12.699208415745593,13.244052478156972,13.812272411144408,14.40487112795023,15.022894570587301,15.667433555936016,16.339625701045822,17.040657431039403,17.771766073163608,18.53424204068309,19.329431110471159,20.158736798317964,21.023622836148416,21.925615755521981,22.866307581974535,23.847358644957634,24.870500508334711,25.937539026606764,27.050357532261664,28.210920159872682,29.421275312813563,30.683559278708756,32.000000000000007],"sensitivity_list":[43.932310114719428,44.46158269936911,44.976190241554256,45.474703920694267,45.955629873554813,46.417410477076047,46.858426585067122,47.277000863070015,47.671402369626193,48.039852532116434,48.380532660199272,48.691593128497693,48.971164341438183,49.217369565971616,49.428339681434707,49.602229849469531,49.737238050592509,49.831625368136159,49.883737826055984,49.892029506482253,49.8550865887878,49.771651868093635,49.640649232113134,49.461207506221129,49.232683023123826,48.954680240936916,48.627069726745411,48.250002845666359,47.82392255036693,47.349569753239109,46.827984881078059,46.26050435588283,45.648751908825091,44.994624809198442,44.300275266725862,43.568087433938928,42.800650585778996,42.000729177620357,41.171230573985007,40.315171294116567,39.4356426358017,38.535776516526532,37.618712314810629,36.687565409885124,35.745398011630314,34.795192752392609,33.839829385510612,32.8820648091171,31.924516514095014,30.969649446736398,30.019766183091679,29.077000235219444,28.143312250301552,27.220488821551733,26.310143603838778,25.413720415197631,24.532498005770773,23.667596185914331,22.819983022926476,21.990482838959796,21.179784769238278,20.388451668056721,19.616929178837278,18.865554812687538,18.134566906649205,17.424113357592642,16.734260050156298,16.064998917070923,15.41625558760685,14.787896594797346,14.17973612465096,13.591542300953291,13.023043007680016,12.473931257717746,11.943870121740948,11.43249723493512,10.93942890198695,10.464263822570686,10.006586460605995,9.5659700809960651,9.1419794775014314,8.73417341497467,8.3421068084640364,7.9653326607712884,7.6034037789805975,7.2558742893148489,6.9223009684653105,6.6022444083125693,6.29527002973573,6.0009489600146342,5.7188587871786352,5.4485842035557308,5.1897175497352785,4.9418592691793055,4.7046182828029925,4.4776122919960981,4.260468017771549,4.0528213830033044,3.8543176440515361,3.6646114774648044]}