{"rho_list":[0.5,0.52145189072319775,0.54382414867759554,0.56715626109773132,0.59148940936982319,0.61686654171728372,0.64333244900471587,0.67093384379418863,0.69971944279332465,0.72974005284072307,0.76104866058048259,0.79370052598409968,0.82775327988481084,0.8632670256965258,0.90030444549688948,0.93893091066170631,0.97921459724600135,1.0212266063153641,1.0650410894399627,1.1107353795727257,1.1583901275426933,1.2080894444044474,1.2599210498948732,1.313976427259276,1.3703509847201238,1.4291442238734087,1.4904599153098523,1.5544062817709194,1.6210961891629234,1.690647345766354,1.7631825099920424,1.8388297070508484,1.9177224549192975,2,2.0858075628927915,2.1752965947103826,2.2686250443909253,2.3659576374792928,2.4674661668691344,2.5733297960188635,2.6837353751767545,2.7988777711732982,2.9189602113628927,3.0441946423219308,3.1748021039363992,3.3110131195392438,3.4530681027861028,3.6012177819875579,3.7557236426468266,3.916858388984005,4.0849064252614564,4.2601643577598516,4.4429415182909029,4.6335605101707742,4.8323577776177906,5.0396841995794928,5.2559057090371049,5.4814039388804936,5.7165768954936347,5.9618396612394093,6.2176251270836769,6.4843847566516928,6.7625893830654178,7.0527300399681687,7.3553188282033926,7.6708898196771909,7.9999999999999991,8.3432302515711658,8.7011863788415322,9.0745001775637,9.4638305499171729,9.8698646674765378,10.293319184075454,10.734941500707015,11.195511084693191,11.675840845451569,12.176778569287718,12.699208415745593,13.244052478156972,13.812272411144408,14.40487112795023,15.022894570587301,15.667433555936016,16.339625701045822,17.040657431039403,17.771766073163608,18.53424204068309,19.329431110471159,20.158736798317964,21.023622836148416,21.925615755521981,22.866307581974535,23.847358644957634,24.870500508334711,25.937539026606764,27.050357532261664,28.210920159872682,29.421275312813563,30.683559278708756,32.000000000000007],"sensitivity_list":[44.029483474809766,45.8987295927446,47.8455462883981,49.8729157575664,51.98390329095205,54.181655179712607,56.469395852946185,58.850424141130496,61.32810854903893,63.9058814107052,66.58723178772324,69.375696960723545,72.274852352503558,75.288299710305,78.419653364519988,82.350321699456373,87.183557683104,92.147601939816937,97.23201282101661,102.42491441756724,107.71297184859317,113.08137734081518,118.51384830551224,123.99263863576623,129.49856445137129,135.01104550985647,140.5081634759685,145.96673819439511,151.36242303639497,156.66982028442931,161.86261737323775,166.91374461388662,171.79555478166793,176.48002464204987,180.93897811459615,185.14433032781594,189.06835129561514,192.68394734920065,195.9649577923484,198.88646352402529,201.42510360833145,203.55939499295712,205.2700498169124,206.54028404664712,207.35611058349997,207.70660954543652,207.58416819401589,206.98468300226912,205.90771668188069,204.35660363742724,202.33849830288008,199.86436213142295,196.948886620567,193.61035160317849,189.87042004180327,185.75387263116662,181.2882875332696,176.50367242946947,171.43205766878128,166.10706053096385,160.56343143908163,154.83659330992035,148.96218511378473,142.97562015065236,136.91166858804331,130.80407252007194,124.6852002847944,118.5857451129872,112.53447147004442,106.55801078041,100.68070666481354,94.924508432283943,89.308910391509045,83.8509336020143,78.565145981168683,73.463716210901467,68.5564966302988,63.851130231577486,59.353176967516426,55.066254796710581,50.992191207870142,47.1311813467272,43.481949292987139,40.041909478009813,36.807325678359113,33.773465451801982,30.934748290219375,28.284886140900937,25.817015289295661,23.523818900214327,21.397639780238627,19.430583152553389,17.614609428416149,15.941617119493468,14.403516165190922,12.992292051942613,11.700061180287433,10.519117993452147,9.44197442094,8.461392214939826]}