{"mask_contrast_list":[0.00496089749751881,0.0078778175739133219,0.012663011400983453,0.0201086383669942,0.031164309249393472,0.050094331282263094,0.0805229471487783,0.12943470551568609,0.20305374027486922,0.32639392877381973],"test_contrast_list":[0.021544346900318923,0.019228730706087722,0.013768571648527617,0.020644996558525565,0.02313116629544059,0.033472747235998045,0.066692051071530617,0.083129101492292315,0.11284157410588576,0.16445587119108268]}